{"cameraMode":{"drawMode":0,"name":"Shaded","section":"Shading Mode"},"sceneLighting":true,"audioPlay":false,"sceneViewState":{"m_AlwaysRefresh":false,"showFog":true,"showSkybox":true,"showFlares":true,"showImageEffects":true,"showParticleSystems":true,"showVisualEffectGraphs":true,"m_FxEnabled":true},"in2DMode":false,"pivot":{"x":-673.1593017578125,"y":38.92339324951172,"z":-818.5889892578125},"rotation":{"x":0.0004860160988755524,"y":0.9995203614234924,"z":-0.02280244790017605,"w":0.021293701604008676},"size":938.0889282226563,"orthographic":false}